-- MySQL dump 10.13  Distrib 8.0.13, for Win64 (x86_64)
--
-- Host: localhost    Database: karaokeDB
-- ------------------------------------------------------
-- Server version	8.0.13

/*!40101 SET @OLD_CHARACTER_SET_CLIENT=@@CHARACTER_SET_CLIENT */;
/*!40101 SET @OLD_CHARACTER_SET_RESULTS=@@CHARACTER_SET_RESULTS */;
/*!40101 SET @OLD_COLLATION_CONNECTION=@@COLLATION_CONNECTION */;
 SET NAMES utf8mb4 ;
/*!40103 SET @OLD_TIME_ZONE=@@TIME_ZONE */;
/*!40103 SET TIME_ZONE='+00:00' */;
/*!40014 SET @OLD_UNIQUE_CHECKS=@@UNIQUE_CHECKS, UNIQUE_CHECKS=0 */;
/*!40014 SET @OLD_FOREIGN_KEY_CHECKS=@@FOREIGN_KEY_CHECKS, FOREIGN_KEY_CHECKS=0 */;
/*!40101 SET @OLD_SQL_MODE=@@SQL_MODE, SQL_MODE='NO_AUTO_VALUE_ON_ZERO' */;
/*!40111 SET @OLD_SQL_NOTES=@@SQL_NOTES, SQL_NOTES=0 */;

--
-- Current Database: `karaokeDB`
--

/*!40000 DROP DATABASE IF EXISTS `karaokeDB`*/;

CREATE DATABASE /*!32312 IF NOT EXISTS*/ `karaokeDB` /*!40100 DEFAULT CHARACTER SET utf8mb4 COLLATE utf8mb4_0900_ai_ci */;

USE `karaokeDB`;

--
-- Table structure for table `canzoni`
--

DROP TABLE IF EXISTS `canzoni`;
/*!40101 SET @saved_cs_client     = @@character_set_client */;
 SET character_set_client = utf8mb4 ;
CREATE TABLE `canzoni` (
  `id` int(11) NOT NULL AUTO_INCREMENT,
  `nome` varchar(100) DEFAULT NULL,
  `artista` varchar(100) DEFAULT NULL,
  `canzone` varchar(100) DEFAULT NULL,
  `tonalita` varchar(50) DEFAULT NULL,
  `note` text,
  `visibile` tinyint(1) DEFAULT '1',
  `data_creazione` timestamp NULL DEFAULT CURRENT_TIMESTAMP,
  `cantata` tinyint(1) DEFAULT '0',
  `num_microfoni` int(11) NOT NULL DEFAULT '0',
  `accetta_partecipanti` tinyint(1) NOT NULL DEFAULT '0',
  `partecipanti_add` int(11) NOT NULL DEFAULT '1',
  `numero_richieste` int(11) DEFAULT '0',
  `user_id` int(11) DEFAULT NULL,
  `guest_id` varchar(50) DEFAULT NULL,
  `posizione` int(11) DEFAULT NULL,
  `partecipante_2` varchar(100) DEFAULT NULL,
  `partecipante_3` varchar(100) DEFAULT NULL,
  PRIMARY KEY (`id`),
  KEY `fk_canzoni_user` (`user_id`),
  CONSTRAINT `fk_canzoni_user` FOREIGN KEY (`user_id`) REFERENCES `users` (`id`)
) ENGINE=InnoDB AUTO_INCREMENT=228 DEFAULT CHARSET=utf8mb4 COLLATE=utf8mb4_0900_ai_ci;
/*!40101 SET character_set_client = @saved_cs_client */;

--
-- Dumping data for table `canzoni`
--

LOCK TABLES `canzoni` WRITE;
/*!40000 ALTER TABLE `canzoni` DISABLE KEYS */;
INSERT INTO `canzoni` VALUES (59,'jaane','tool','pneuma','2','test',1,'2025-06-16 13:02:01',1,3,1,3,0,NULL,NULL,1,NULL,NULL),(60,'paul','the doors','peacefrog','5','',1,'2025-06-16 13:02:11',1,3,1,3,0,NULL,NULL,2,NULL,NULL),(61,'jane','nirvana','polly',NULL,NULL,1,'2025-06-16 13:02:28',1,3,1,3,0,NULL,NULL,3,NULL,NULL),(62,'alessio','alex baroni','onde',NULL,NULL,1,'2025-06-19 09:58:29',1,1,1,3,2,NULL,NULL,4,NULL,NULL),(65,'alessio','led zeppelin','stairway to heaven','','',1,'2025-06-21 17:04:39',0,0,0,1,0,NULL,NULL,5,NULL,NULL),(68,'paul','travis scott','antidote','1','test',1,'2025-06-23 19:43:07',0,0,0,1,0,NULL,'f4660e84-c31b-4499-b19b-a3b64b70e0f5',6,NULL,NULL),(69,'jane','post malone','congratulations','','test1note',1,'2025-06-23 19:46:08',0,0,0,1,0,NULL,'f4660e84-c31b-4499-b19b-a3b64b70e0f5',7,NULL,NULL),(70,'alessio','post malone','better now','-2',NULL,1,'2025-06-23 19:48:21',0,0,0,1,0,NULL,'f4660e84-c31b-4499-b19b-a3b64b70e0f5',8,NULL,NULL),(71,'alessio','the doors','peacefrog','','',1,'2025-06-23 20:12:13',0,0,0,1,0,NULL,'f4660e84-c31b-4499-b19b-a3b64b70e0f5',9,NULL,NULL),(73,'alessio','prozac+','acida','','',1,'2025-06-26 13:31:45',0,0,0,1,0,NULL,'6e9ff86d-93dd-40c0-a9e4-356c332d613f',10,NULL,NULL),(75,'alessio','nofx','bob','','',1,'2025-06-26 15:53:29',0,0,0,1,0,NULL,'6e9ff86d-93dd-40c0-a9e4-356c332d613f',11,NULL,NULL),(76,'alessio','nofx','bob','','',1,'2025-06-26 15:54:17',0,0,0,1,0,NULL,'6e9ff86d-93dd-40c0-a9e4-356c332d613f',12,NULL,NULL),(79,'alessio','Adele','skyfall','','',1,'2025-06-26 16:32:19',0,0,0,1,0,NULL,'98f9a321-2d6c-4dd4-a507-aa3dd55b2888',13,NULL,NULL),(80,'alessio','the doors','peacefrog','','',1,'2025-06-26 16:43:25',0,0,0,1,0,NULL,'98f9a321-2d6c-4dd4-a507-aa3dd55b2888',14,NULL,NULL),(81,'alessio','nirvana','Dive','','',1,'2025-06-26 16:58:17',0,0,0,1,0,NULL,'5faa6854-3dea-4005-80ba-257c6fbc75a8',15,NULL,NULL),(82,'alex','Tame Impala','Elephant','','',1,'2025-06-26 19:19:23',0,0,0,1,0,NULL,'ce330232-b9fd-426f-b27f-e06176da0689',16,NULL,NULL),(83,'Fiona','Eric Clapton','Layla','2','test',1,'2025-06-26 19:27:03',0,0,1,3,2,NULL,'ce330232-b9fd-426f-b27f-e06176da0689',17,NULL,NULL),(84,'Fiona','Van Halen','Jump','','',1,'2025-06-26 19:37:14',0,0,1,2,1,NULL,'ce330232-b9fd-426f-b27f-e06176da0689',18,NULL,NULL),(85,'Lana','Zucchero','Diamante','','',1,'2025-06-26 19:42:52',0,0,1,1,0,NULL,'ce330232-b9fd-426f-b27f-e06176da0689',19,'alessio',NULL),(86,'Lana','Zucchero','Ali d\'oro','','',1,'2025-06-26 19:46:33',0,0,1,1,0,NULL,'ce330232-b9fd-426f-b27f-e06176da0689',20,NULL,NULL),(87,'alessio','the doors','peacefrog','','',1,'2025-06-26 19:50:05',0,0,1,2,1,NULL,'ce330232-b9fd-426f-b27f-e06176da0689',21,'test',NULL),(89,'paul','qotsa','in my head','','',1,'2025-06-29 19:28:37',0,0,0,1,0,NULL,'94f6d42a-a048-41e1-bc0f-76b516adbde1',22,NULL,NULL),(90,'paul','the doors','peacefrog','','',1,'2025-06-29 19:29:50',0,0,1,3,2,9,NULL,23,'test',NULL),(94,'alessio','test1','test1','','',1,'2025-06-30 10:13:24',0,0,0,1,0,1,NULL,24,NULL,NULL),(95,'alessio','test2','test2','','',1,'2025-06-30 11:09:20',0,0,0,1,0,1,NULL,25,NULL,NULL),(96,'alessio','test3','test3','','',1,'2025-06-30 11:36:37',0,0,1,1,0,1,NULL,26,NULL,NULL),(97,'alessio','test4','test4','','',1,'2025-06-30 12:06:26',0,0,1,1,0,1,NULL,27,NULL,NULL),(99,'alessio','test1000','test1000','','',1,'2025-06-30 12:22:04',0,0,0,1,0,1,NULL,28,NULL,NULL),(100,'alessio','tool','pneuma','','',1,'2025-06-30 14:52:18',0,0,1,1,0,1,NULL,29,NULL,NULL),(101,'alessio','the doors','peacefrog','1','',1,'2025-06-30 14:52:59',0,0,0,1,0,1,NULL,30,NULL,NULL),(102,'alessio','nirvana','polly','- 2 ','',1,'2025-06-30 14:57:30',0,0,1,1,0,1,NULL,31,NULL,NULL),(103,'alessio','tool','pneuma','1','',1,'2025-06-30 15:00:34',0,0,1,2,1,1,NULL,32,NULL,NULL),(104,'jane','the doors','peacefrog','','',1,'2025-06-30 16:29:07',0,0,0,1,0,10,NULL,33,NULL,NULL),(105,'jane','tool','pneuma','','',1,'2025-06-30 16:29:16',0,0,0,1,0,10,NULL,34,NULL,NULL),(106,'jane','Giorgia','Vorrei','','',1,'2025-06-30 16:29:36',0,0,0,1,0,10,NULL,35,NULL,NULL),(107,'test','test','test','','',1,'2025-06-30 16:48:46',0,0,0,1,0,10,NULL,36,NULL,NULL),(108,'test1','test1','test1','','',1,'2025-06-30 16:48:58',0,0,0,1,0,10,NULL,37,NULL,NULL),(109,'test2','test2','test2','','',1,'2025-06-30 16:49:14',0,0,0,1,0,10,NULL,38,NULL,NULL),(110,'alessio','testx','testx','','',1,'2025-06-30 17:44:05',0,0,0,1,0,10,NULL,39,NULL,NULL),(111,'testZ','testZ','testZ','','',1,'2025-06-30 18:21:33',0,0,0,1,0,10,NULL,40,NULL,NULL),(112,'alessio','nirvana','dive','2','',1,'2025-06-30 19:12:45',0,0,1,2,1,9,NULL,41,NULL,NULL),(113,'alessio','the doors','peacefrog','','',1,'2025-06-30 19:32:20',0,0,0,1,0,9,NULL,42,NULL,NULL),(114,'alessio','Giorgia','Vorrei','','',1,'2025-07-01 15:44:22',0,0,0,1,0,9,NULL,43,NULL,NULL),(115,'paul','nirvana','pneuma','','',1,'2025-07-01 15:44:32',0,0,0,1,0,9,NULL,44,NULL,NULL),(116,'alessio','tool','pneuma','','',1,'2025-07-01 15:47:46',0,0,0,1,0,9,NULL,45,NULL,NULL),(117,'alessio','tool','pneuma','','',1,'2025-07-01 15:49:20',0,0,0,1,0,9,NULL,46,NULL,NULL),(118,'alessio','tool','pneuma','','',1,'2025-07-01 15:52:17',0,0,0,1,0,9,NULL,47,NULL,NULL),(119,'alessio','tool','pneuma','','',1,'2025-07-01 15:55:30',0,0,0,1,0,9,NULL,48,NULL,NULL),(120,'alessio','Adele','crush now','','',1,'2025-07-01 15:56:09',0,0,0,1,0,9,NULL,49,NULL,NULL),(121,'alessio','alborosie','herbalist','','',1,'2025-07-01 15:56:44',0,0,0,1,0,9,NULL,50,NULL,NULL),(122,'ospite','ospite','ospite','','',1,'2025-07-01 16:41:37',0,0,1,2,1,NULL,'0d505d71-2e94-4d3c-8545-e4a937589fba',51,NULL,NULL),(124,'b','b','b','','',1,'2025-07-01 17:17:57',0,0,0,1,0,NULL,'241864f4-9435-4437-8e2d-7ca712330565',52,NULL,NULL),(128,'e','e','e','','',1,'2025-07-01 17:39:10',0,0,0,1,0,10,NULL,53,NULL,NULL),(129,'s','s','s','','',1,'2025-07-01 17:42:34',0,0,0,1,0,NULL,'4e3003ab-ea63-4f92-ac25-fb071d7791ed',54,NULL,NULL),(130,'s','s','s','','',1,'2025-07-01 17:49:56',0,0,0,1,0,NULL,'4e3003ab-ea63-4f92-ac25-fb071d7791ed',55,NULL,NULL),(131,'alessio','tool','pneuma','','',1,'2025-07-01 20:36:24',0,0,0,1,0,NULL,'4e3003ab-ea63-4f92-ac25-fb071d7791ed',56,NULL,NULL),(132,'alessio','tool','pneuma','','',1,'2025-07-01 20:36:43',0,0,0,1,0,NULL,'4e3003ab-ea63-4f92-ac25-fb071d7791ed',57,NULL,NULL),(133,'alessio','pearl jam','alive','','',1,'2025-07-01 20:38:52',0,0,0,1,0,NULL,'4e3003ab-ea63-4f92-ac25-fb071d7791ed',58,NULL,NULL),(134,'alessio','pearl jam','alive','','',1,'2025-07-01 20:39:14',0,0,0,1,0,NULL,'4e3003ab-ea63-4f92-ac25-fb071d7791ed',59,NULL,NULL),(135,'alessio','pearl jam','alive','','',1,'2025-07-01 20:39:31',0,0,0,1,0,NULL,'4e3003ab-ea63-4f92-ac25-fb071d7791ed',60,NULL,NULL),(136,'alessio','pearl jam','alive','','',1,'2025-07-01 20:51:47',0,0,0,1,0,NULL,'4e3003ab-ea63-4f92-ac25-fb071d7791ed',61,NULL,NULL),(137,'alessio','pearl jam','alive','','',1,'2025-07-01 20:51:56',0,0,0,1,0,NULL,'4e3003ab-ea63-4f92-ac25-fb071d7791ed',62,NULL,NULL),(138,'alessio','pearl jam','alive','','',1,'2025-07-01 20:52:05',0,0,0,1,0,NULL,'4e3003ab-ea63-4f92-ac25-fb071d7791ed',63,NULL,NULL),(139,'paul','pearl jam','alive','','',1,'2025-07-01 20:52:15',0,0,0,1,0,NULL,'4e3003ab-ea63-4f92-ac25-fb071d7791ed',64,NULL,NULL),(140,'alessio','Cranberries','zombie','','',1,'2025-07-01 20:55:14',0,0,0,1,0,NULL,'4e3003ab-ea63-4f92-ac25-fb071d7791ed',65,NULL,NULL),(141,'alessio','Cranberries','zombie','','',1,'2025-07-01 20:55:25',0,0,0,1,0,NULL,'4e3003ab-ea63-4f92-ac25-fb071d7791ed',66,NULL,NULL),(142,'paul','Cranberries','zombie','','',1,'2025-07-01 20:55:38',0,0,0,1,0,NULL,'4e3003ab-ea63-4f92-ac25-fb071d7791ed',67,NULL,NULL),(143,'jane','Cranberries','zombie','','',1,'2025-07-01 20:55:50',0,0,0,1,0,NULL,'4e3003ab-ea63-4f92-ac25-fb071d7791ed',68,NULL,NULL),(144,'q','q','q','','',1,'2025-07-01 20:59:32',0,0,0,1,0,NULL,'4e3003ab-ea63-4f92-ac25-fb071d7791ed',69,NULL,NULL),(145,'q','q','q','','',1,'2025-07-01 20:59:36',0,0,0,1,0,NULL,'4e3003ab-ea63-4f92-ac25-fb071d7791ed',70,NULL,NULL),(146,'q','q','q','','',1,'2025-07-01 20:59:42',0,0,0,1,0,NULL,'4e3003ab-ea63-4f92-ac25-fb071d7791ed',71,NULL,NULL),(147,'e','e','e','','',1,'2025-07-01 21:10:28',0,0,0,1,0,NULL,'4e3003ab-ea63-4f92-ac25-fb071d7791ed',72,NULL,NULL),(148,'e','e','e','','',1,'2025-07-01 21:10:36',0,0,0,1,0,NULL,'4e3003ab-ea63-4f92-ac25-fb071d7791ed',73,NULL,NULL),(149,'e','e','e','','',1,'2025-07-01 21:10:41',0,0,0,1,0,NULL,'4e3003ab-ea63-4f92-ac25-fb071d7791ed',74,NULL,NULL),(150,'a','a','a','','',1,'2025-07-01 22:07:31',0,0,0,1,0,NULL,'9fa39ab1-c199-4979-a8de-5c5282707d81',75,NULL,NULL),(151,'alessio','the doors','eeeeeeeeee','','',1,'2025-07-01 22:33:00',0,0,0,1,0,NULL,'9fa39ab1-c199-4979-a8de-5c5282707d81',76,NULL,NULL),(152,'alessio','Cranberries','zombie','','',1,'2025-07-02 18:05:45',0,0,0,1,0,9,NULL,77,NULL,NULL),(153,'alessio','Cranberries','zombie','','',1,'2025-07-02 18:41:12',0,0,0,1,0,11,NULL,78,NULL,NULL),(154,'Alessio','Rockets','On Road Again','','',1,'2025-07-02 21:17:31',0,0,0,1,0,9,NULL,79,NULL,NULL),(155,'Alessio','Pearl Jam','Alive','','',1,'2025-07-02 22:13:07',0,0,0,1,0,9,NULL,80,NULL,NULL),(156,'Alessio','Testdrag','Testdrag','','',1,'2025-07-02 23:27:22',0,0,0,1,0,9,NULL,81,NULL,NULL),(157,'Alessio','Testdrag1','Testdrag1','','',1,'2025-07-02 23:27:38',0,0,0,1,0,9,NULL,82,NULL,NULL),(158,'Alessio','Testdrag2','Testdrag2','','',1,'2025-07-02 23:27:52',0,0,0,1,0,9,NULL,83,NULL,NULL),(159,'Dragtest','Dragtest','Dragtest','','',1,'2025-07-02 23:30:22',0,0,0,1,0,9,NULL,84,NULL,NULL),(160,'Dragtest','Dragtest0','Dragtest00','','',1,'2025-07-02 23:30:34',0,0,0,1,0,9,NULL,85,NULL,NULL),(161,'Dragtest','Dragtest1','Dragtest1','','',1,'2025-07-02 23:30:46',0,0,0,1,0,9,NULL,86,NULL,NULL),(162,'Dragtest','Dragtest2','Dragtest2','','',1,'2025-07-02 23:30:55',0,0,0,1,0,9,NULL,87,NULL,NULL),(163,'Alessio','Partecipa','Partecipa','2','PARTECIPA_TEST',1,'2025-07-06 10:01:57',0,0,1,3,2,9,NULL,88,'test_partecipa',NULL),(164,'Alessio','Partecipa1','Partecipa1','','',1,'2025-07-06 11:39:11',0,0,1,3,2,9,NULL,89,'test_partecipa1','test_partecipa_2'),(165,'Alessio','Partecipatest3','Partecipatest3','','',1,'2025-07-06 12:25:08',0,0,1,3,2,9,NULL,90,'partecipatest3','partecipatest3'),(166,'Alessio','Testpartecipa','Testpartecipa','','TESTPARTECIPA',1,'2025-07-06 13:01:42',0,0,1,1,0,11,NULL,91,'test','test'),(167,'Alessio','Testpartecipa','Testpartecipa','','TESTPARTECIPA',1,'2025-07-06 13:02:54',0,0,1,1,0,11,NULL,92,NULL,NULL),(168,'Alessio','Testpartecipa','Testpartecipa','','TESTPARTECIPA',1,'2025-07-06 13:05:33',0,0,1,1,0,11,NULL,93,NULL,NULL),(169,'Alessio','Testpartecipa','Testpartecipa','','',1,'2025-07-06 13:15:37',0,0,1,1,0,11,NULL,94,'*****',NULL),(170,'Alessio','Testpartecipa','Testpartecipa4','','TESTPARTECIPA4',1,'2025-07-06 13:25:14',0,0,1,2,1,11,NULL,95,'test','test2'),(171,'X','X','X','','',1,'2025-07-08 19:57:00',0,0,1,1,0,9,NULL,96,'test','test'),(172,'X1','X1','X1','','',1,'2025-07-08 19:57:36',0,0,1,1,0,9,NULL,97,'test','test'),(173,'X2','X2','X2','','',1,'2025-07-08 19:57:47',0,0,0,1,0,9,NULL,98,NULL,NULL),(174,'Q','Q','Q','','',1,'2025-07-08 21:08:00',0,0,1,1,0,9,NULL,99,'admin','admin'),(175,'A','A','A','','',1,'2025-07-08 21:08:10',0,0,1,1,0,9,NULL,100,NULL,NULL),(176,'Z','Z','Z','','',1,'2025-07-08 21:08:17',0,0,1,1,0,9,NULL,101,'q','d'),(177,'Badword','Badword','Badword','','',1,'2025-07-10 17:57:01',0,0,1,1,0,9,NULL,102,'badword','*****'),(178,'Badword1','Badword1','Badword1','','',1,'2025-07-10 17:57:20',0,0,1,1,0,9,NULL,103,'asfas','alessio'),(179,'*******','Pearl Jam','Alive','','',1,'2025-07-10 18:09:08',0,0,0,1,0,9,NULL,104,NULL,NULL),(180,'a','A','A','','',1,'2025-07-11 22:02:11',0,0,0,1,0,9,NULL,105,NULL,NULL),(181,'a','A','A','','',1,'2025-07-11 22:02:17',0,0,0,1,0,9,NULL,106,NULL,NULL),(182,'a','A','A','','',1,'2025-07-11 22:02:23',0,0,0,1,0,9,NULL,107,NULL,NULL),(183,'a','A','A','','',1,'2025-07-11 22:02:28',0,0,0,1,0,9,NULL,108,NULL,NULL),(184,'a','A','A','','',1,'2025-07-11 22:02:35',0,0,0,1,0,9,NULL,109,NULL,NULL),(185,'b','B','B','','',1,'2025-07-11 22:02:58',0,0,0,1,0,9,NULL,110,NULL,NULL),(186,'c','C','C','','',1,'2025-07-11 22:03:04',0,0,0,1,0,9,NULL,111,NULL,NULL),(187,'d','D','D','','',1,'2025-07-11 22:03:11',0,0,0,1,0,9,NULL,112,NULL,NULL),(188,'e','E','E','','',1,'2025-07-11 22:03:17',0,0,0,1,0,9,NULL,113,NULL,NULL),(189,'ee','Ee','Ee','','',1,'2025-07-11 22:03:22',0,0,0,1,0,9,NULL,114,NULL,NULL),(190,'ee','Eee','Eee','','',1,'2025-07-11 22:03:28',0,0,0,1,0,9,NULL,115,NULL,NULL),(191,'zzz','Zzz','Zzz','','',1,'2025-07-11 22:03:41',0,0,0,1,0,9,NULL,116,NULL,NULL),(192,'a','A','A','','merda',1,'2025-07-11 22:07:23',0,0,0,1,0,9,NULL,117,NULL,NULL),(193,'a','A','A','','*****',1,'2025-07-11 22:17:50',0,0,0,1,0,9,NULL,118,NULL,NULL),(194,'test','Test','Test','','',1,'2025-07-16 23:01:17',0,0,0,1,0,9,NULL,119,NULL,NULL),(195,'aaaaaaaaaaaaaaaaaaaaaaaaaaaa','Aaaaaaaaaaaaaaaaaaaaaaaaaaaaaaaaaaaaaaaaaaaaaaa','Aaaaaaaaaaaaaaaaaaaaaaaaaaaaaaaaaaaaaaaa','','',1,'2025-07-17 17:18:57',0,0,0,1,0,9,NULL,120,NULL,NULL),(196,'lauro','Francesco Renga','Angelo','-1','sdsafadsggmfj,fugmz cx ',1,'2025-07-25 18:00:50',0,0,1,1,0,9,NULL,121,'alex',NULL),(197,'stephan','Zucchero','Puro Amore','1','',1,'2025-07-25 18:06:24',0,0,1,1,0,9,NULL,122,NULL,NULL),(198,'stephan','Francesco Renga','Angelo','','',1,'2025-07-25 18:11:37',0,0,0,1,0,9,NULL,123,NULL,NULL),(199,'stephan','Francesco Renga','Meravigliosa','','',1,'2025-07-25 18:17:22',0,0,0,1,0,9,NULL,124,NULL,NULL),(200,'sdsaasd','Sdadas','Dasdas','','',1,'2025-07-25 18:19:15',0,0,0,1,0,9,NULL,125,NULL,NULL),(201,'dsdasd','Dasdsad','Dasdasd','','',1,'2025-07-25 18:21:05',0,0,0,1,0,9,NULL,126,NULL,NULL),(202,'dcdcsc','Sdsadsa','Dasdasd','','',1,'2025-07-25 18:31:14',0,0,0,1,0,9,NULL,127,NULL,NULL),(203,'fdsfsdfasf','Fasdsad','Sdasdsa','','',1,'2025-07-25 18:33:35',0,0,0,1,0,9,NULL,128,NULL,NULL),(204,'sdadsad','Dasdsa','Dsads','','',1,'2025-07-25 18:35:32',0,0,0,1,0,9,NULL,129,NULL,NULL),(205,'dsdas','Dsadas','Dasdsa','','',1,'2025-07-25 18:38:45',0,0,0,1,0,9,NULL,130,NULL,NULL),(206,'fgsfsdf','Fdsfasf','Fdfdss','','',1,'2025-07-25 18:40:20',0,0,0,1,0,9,NULL,131,NULL,NULL),(207,'sadsadas','Dasda','Dasdas','','',1,'2025-07-25 18:43:13',0,0,0,1,0,9,NULL,132,NULL,NULL),(208,'dasda','Dasda','Dasdas','','',1,'2025-07-25 18:45:29',0,0,0,1,0,9,NULL,133,NULL,NULL),(209,'sasa','Saasas','Saas','','',1,'2025-07-25 18:45:54',0,0,0,1,0,9,NULL,134,NULL,NULL),(210,'assaas','Assa','Saas','','',1,'2025-07-25 18:46:46',0,0,0,1,0,9,NULL,135,NULL,NULL),(211,'dsfdsfdsa','Dasfdsa','Dasdasd','','',1,'2025-07-25 18:47:25',0,0,0,1,0,9,NULL,136,NULL,NULL),(212,'as','As','As','','',1,'2025-07-25 18:47:54',0,0,0,1,0,9,NULL,137,NULL,NULL),(213,'as','As','Sa','','',1,'2025-07-25 18:48:03',0,0,0,1,0,9,NULL,138,NULL,NULL),(214,'ads','Das','Das','','',1,'2025-07-25 18:48:27',0,0,0,1,0,9,NULL,139,NULL,NULL),(215,'dasd','Dasdas','Dasd','','',1,'2025-07-25 18:48:56',0,0,0,1,0,9,NULL,140,NULL,NULL),(216,'dasda','Sda','Dasd','','',1,'2025-07-25 18:49:15',0,0,0,1,0,9,NULL,141,NULL,NULL),(217,'sdad','Dsada','Dsad','','',1,'2025-07-25 18:49:35',0,0,0,1,0,9,NULL,142,NULL,NULL),(218,'as','Saas','Sa','','',1,'2025-07-25 18:50:29',0,0,0,1,0,9,NULL,143,NULL,NULL),(219,'dfs','Fds','Fds','','',1,'2025-07-25 18:50:43',0,0,0,1,0,9,NULL,144,NULL,NULL),(220,'das','Das','Das','','',1,'2025-07-25 18:52:34',0,0,0,1,0,9,NULL,145,NULL,NULL),(221,'hdf','Fsd','Fds','','',1,'2025-07-25 18:53:31',0,0,0,1,0,9,NULL,146,NULL,NULL),(222,'sdasd','Dasdas','Dasd','','',1,'2025-07-25 18:58:25',0,0,0,1,0,9,NULL,147,NULL,NULL),(223,'dasd','Dasd','Adds','','',1,'2025-07-27 17:07:51',0,0,0,1,0,7,NULL,148,NULL,NULL),(224,'alessio','Pearl Jam','Alive','','',1,'2025-07-28 20:07:07',0,0,0,1,0,10,NULL,149,NULL,NULL),(225,'paul','Cranberries','Test','','',1,'2025-07-28 20:12:30',0,0,0,1,0,22,NULL,150,NULL,NULL),(226,'paul','E','A','','',1,'2025-07-28 20:12:52',0,0,0,1,0,22,NULL,151,NULL,NULL),(227,'a','A','A','','',1,'2025-07-28 20:40:00',0,0,0,1,0,10,NULL,152,NULL,NULL);
/*!40000 ALTER TABLE `canzoni` ENABLE KEYS */;
UNLOCK TABLES;

--
-- Table structure for table `classifica`
--

DROP TABLE IF EXISTS `classifica`;
/*!40101 SET @saved_cs_client     = @@character_set_client */;
 SET character_set_client = utf8mb4 ;
CREATE TABLE `classifica` (
  `id` int(11) NOT NULL AUTO_INCREMENT,
  `canzone` varchar(255) NOT NULL,
  `artista` varchar(255) NOT NULL,
  `num_richieste` int(11) DEFAULT '1',
  PRIMARY KEY (`id`),
  UNIQUE KEY `unica_canzone_artista` (`canzone`,`artista`)
) ENGINE=InnoDB AUTO_INCREMENT=94 DEFAULT CHARSET=utf8mb4 COLLATE=utf8mb4_0900_ai_ci;
/*!40101 SET character_set_client = @saved_cs_client */;

--
-- Dumping data for table `classifica`
--

LOCK TABLES `classifica` WRITE;
/*!40000 ALTER TABLE `classifica` DISABLE KEYS */;
INSERT INTO `classifica` VALUES (1,'pneuma','tool',2),(3,'alive','pearl jam',10),(10,'zombie','Cranberries',6),(21,'eeeeeeeeee','the doors',1),(24,'On Road Again','Rockets',1),(26,'Testdrag','Testdrag',1),(27,'Testdrag1','Testdrag1',1),(28,'Testdrag2','Testdrag2',1),(29,'Dragtest','Dragtest',1),(30,'Dragtest0','Dragtest0',1),(31,'Dragtest1','Dragtest1',1),(32,'Dragtest2','Dragtest2',1),(33,'Partecipa','Partecipa',1),(34,'Partecipa1','Partecipa1',1),(35,'Testpartecipa','Testpartecipa',1),(36,'Testpartecipa4','Testpartecipa',1),(37,'X','X',1),(38,'X1','X1',1),(39,'X2','X2',1),(40,'Q','Q',1),(41,'A','A',9),(42,'Z','Z',1),(43,'Badword','Badword',1),(44,'Badword1','Badword1',1),(51,'B','B',1),(52,'C','C',1),(53,'D','D',1),(54,'E','E',1),(57,'Zzz','Zzz',1),(60,'Test','Test',1),(61,'Aaaaaaaaaaaaaaaaaaaaaaaaaaaaaaaaaaaaaaaa','Aaaaaaaaaaaaaaaaaaaaaaaaaaaaaaaaaaaaaaaaaaaaaaa',1),(62,'Angelo','Francesco Renga',2),(63,'Puro Amore','Zucchero',1),(65,'Meravigliosa','Francesco Renga',1),(66,'Dasdas','Sdadas',1),(67,'Dasdasd','Dasdsad',1),(68,'Dasdasd','Sdsadsa',1),(69,'Sdasdsa','Fasdsad',1),(70,'Dsads','Dasdsa',1),(71,'Dasdsa','Dsadas',1),(72,'Fdfdss','Fdsfasf',1),(73,'Dasdas','Dasda',2),(75,'Saas','Saasas',1),(76,'Saas','Assa',1),(77,'Dasdasd','Dasfdsa',1),(78,'As','As',1),(79,'Sa','As',1),(80,'Das','Das',2),(81,'Dasd','Dasdas',2),(82,'Dasd','Sda',1),(83,'Dsad','Dsada',1),(84,'Sa','Saas',1),(85,'Fds','Fds',1),(87,'Fds','Fsd',1),(89,'Adds','Dasd',1),(91,'Test','Cranberries',1),(92,'A','E',1);
/*!40000 ALTER TABLE `classifica` ENABLE KEYS */;
UNLOCK TABLES;

--
-- Table structure for table `raccolta_canzoni`
--

DROP TABLE IF EXISTS `raccolta_canzoni`;
/*!40101 SET @saved_cs_client     = @@character_set_client */;
 SET character_set_client = utf8mb4 ;
CREATE TABLE `raccolta_canzoni` (
  `id` int(11) NOT NULL AUTO_INCREMENT,
  `nome` varchar(100) DEFAULT NULL,
  `artista` varchar(100) DEFAULT NULL,
  `canzone` varchar(100) DEFAULT NULL,
  `tonalita` varchar(50) DEFAULT NULL,
  `note` text,
  `data_inserimento` timestamp NULL DEFAULT CURRENT_TIMESTAMP,
  `num_richieste` int(11) DEFAULT '0',
  PRIMARY KEY (`id`),
  UNIQUE KEY `artista` (`artista`,`canzone`)
) ENGINE=InnoDB AUTO_INCREMENT=174 DEFAULT CHARSET=utf8mb4 COLLATE=utf8mb4_0900_ai_ci;
/*!40101 SET character_set_client = @saved_cs_client */;

--
-- Dumping data for table `raccolta_canzoni`
--

LOCK TABLES `raccolta_canzoni` WRITE;
/*!40000 ALTER TABLE `raccolta_canzoni` DISABLE KEYS */;
INSERT INTO `raccolta_canzoni` VALUES (1,'john','qotsa','in my head','2','test3\n','2025-06-11 22:20:05',0),(3,'alessio','tool','Pneuma',NULL,NULL,'2025-06-11 22:21:39',2),(5,'jane','the doors','peacefrog',NULL,NULL,'2025-06-11 22:23:06',0),(7,'dana','eros ramazzotti','L\'aurora','0','test3','2025-06-11 23:55:05',0),(8,'paul','qotsa','if only',NULL,NULL,'2025-06-12 00:22:24',0),(9,'karina','hole','malibu','- 2 ','test4','2025-06-12 10:30:57',0),(12,'katerina','tatù','all about us',NULL,NULL,'2025-06-12 11:10:00',0),(13,'test','test','test','test',NULL,'2025-06-12 11:21:45',1),(14,'zion','nirvana','polly',NULL,NULL,'2025-06-12 11:28:40',0),(15,'kris','sleep','vacuum',NULL,NULL,'2025-06-12 13:00:51',0),(16,'dave','beatles','love',NULL,NULL,'2025-06-12 13:01:29',0),(19,'jane','Giorgia','Vorrei','2',NULL,'2025-06-12 15:30:59',0),(20,'zion','bob marley','jamming',NULL,'test1','2025-06-12 15:31:31',0),(25,'jennifer','madonna','la isla bonita','2','test4','2025-06-12 20:40:12',0),(26,'rod','rolling stones','like a stone',NULL,NULL,'2025-06-13 14:36:35',0),(27,'sarah','katy perry','like a lion',NULL,NULL,'2025-06-13 14:40:05',0),(28,'Jennifer','Lady gaga','hollow',NULL,NULL,'2025-06-13 14:44:01',0),(30,'Jane','nirvana','lithium',NULL,NULL,'2025-06-14 14:37:07',0),(31,'kate','adele','hello',NULL,NULL,'2025-06-14 14:37:24',0),(32,'daniel','metallica','fade',NULL,'acoustic version','2025-06-14 14:37:49',0),(33,'marco','oasis','wanderwall',NULL,NULL,'2025-06-14 14:38:31',0),(34,'alessio','coldplay','scientist','- 2',NULL,'2025-06-14 14:39:23',0),(35,'daniel','pfm','impressioni di settembre',NULL,NULL,'2025-06-15 10:21:28',0),(36,'paul','alex baroni','onde','-1','test\n','2025-06-15 11:00:12',0),(37,'gustav','raf','infinito','2','test1','2025-06-15 11:01:08',0),(38,'jerry','alice in chains','nutshell',NULL,NULL,'2025-06-16 11:54:12',0),(39,'alessio','tool','test',NULL,NULL,'2025-06-16 12:09:48',0),(44,'zion','qotsa','in the fade',NULL,NULL,'2025-06-16 12:30:33',0),(50,NULL,'Led zeppelin','stairway to heaven',NULL,NULL,'2025-06-21 17:03:51',0),(52,NULL,'travis scott','antidote',NULL,NULL,'2025-06-23 19:43:07',0),(53,NULL,'post malone','congratulations',NULL,NULL,'2025-06-23 19:46:08',0),(54,NULL,'post malone','better now',NULL,NULL,'2025-06-23 19:48:21',0),(55,NULL,'prozac+','acida',NULL,NULL,'2025-06-26 13:31:45',0),(56,NULL,'nofx','bob',NULL,NULL,'2025-06-26 15:53:29',0),(57,NULL,'alborosie','kingston town',NULL,NULL,'2025-06-26 16:14:49',0),(58,NULL,'gunther','summer love',NULL,NULL,'2025-06-26 16:24:21',0),(59,NULL,'Adele','skyfall',NULL,NULL,'2025-06-26 16:32:19',0),(60,NULL,'nirvana','Dive',NULL,NULL,'2025-06-26 16:58:18',0),(61,NULL,'Tame Impala','Elephant',NULL,NULL,'2025-06-26 19:19:23',0),(62,NULL,'Eric Clapton','Layla',NULL,NULL,'2025-06-26 19:27:03',0),(63,NULL,'Van Halen','Jump',NULL,NULL,'2025-06-26 19:37:14',0),(64,NULL,'Zucchero','Diamante',NULL,NULL,'2025-06-26 19:42:52',0),(65,NULL,'Zucchero','Ali d\'oro',NULL,NULL,'2025-06-26 19:46:33',0),(66,NULL,'test1','test1',NULL,NULL,'2025-06-30 10:13:24',0),(67,NULL,'test2','test2',NULL,NULL,'2025-06-30 11:09:20',0),(68,NULL,'test3','test3',NULL,NULL,'2025-06-30 11:36:37',0),(69,NULL,'test4','test4',NULL,NULL,'2025-06-30 12:06:26',0),(70,NULL,'test1000','test1000',NULL,NULL,'2025-06-30 12:22:05',0),(71,NULL,'testx','testx',NULL,NULL,'2025-06-30 17:44:05',0),(72,NULL,'testZ','testZ',NULL,NULL,'2025-06-30 18:21:33',0),(73,NULL,'nirvana','pneuma',NULL,NULL,'2025-07-01 15:44:32',0),(74,NULL,'Adele','crush now',NULL,NULL,'2025-07-01 15:56:09',0),(75,NULL,'alborosie','herbalist',NULL,NULL,'2025-07-01 15:56:44',0),(76,NULL,'ospite','ospite',NULL,NULL,'2025-07-01 16:41:37',0),(78,NULL,'b','b',NULL,NULL,'2025-07-01 17:17:57',1),(79,NULL,'e','e',NULL,NULL,'2025-07-01 17:39:10',4),(80,NULL,'s','s',NULL,NULL,'2025-07-01 17:42:34',0),(83,NULL,'pearl jam','alive',NULL,NULL,'2025-07-01 20:38:52',10),(90,NULL,'Cranberries','zombie',NULL,NULL,'2025-07-01 20:55:14',6),(94,NULL,'q','q',NULL,NULL,'2025-07-01 20:59:32',4),(101,NULL,'the doors','eeeeeeeeee',NULL,NULL,'2025-07-01 22:33:00',1),(104,NULL,'Rockets','On Road Again',NULL,NULL,'2025-07-02 21:17:31',1),(106,NULL,'Testdrag','Testdrag',NULL,NULL,'2025-07-02 23:27:22',1),(107,NULL,'Testdrag1','Testdrag1',NULL,NULL,'2025-07-02 23:27:38',1),(108,NULL,'Testdrag2','Testdrag2',NULL,NULL,'2025-07-02 23:27:52',1),(109,NULL,'Dragtest','Dragtest',NULL,NULL,'2025-07-02 23:30:23',1),(110,NULL,'Dragtest0','Dragtest0',NULL,NULL,'2025-07-02 23:30:34',1),(111,NULL,'Dragtest1','Dragtest1',NULL,NULL,'2025-07-02 23:30:46',1),(112,NULL,'Dragtest2','Dragtest2',NULL,NULL,'2025-07-02 23:30:55',1),(113,NULL,'Partecipa','Partecipa',NULL,NULL,'2025-07-06 10:01:57',1),(114,NULL,'Partecipa1','Partecipa1',NULL,NULL,'2025-07-06 11:39:11',1),(115,NULL,'Testpartecipa','Testpartecipa',NULL,NULL,'2025-07-06 13:15:37',1),(116,NULL,'Testpartecipa','Testpartecipa4',NULL,NULL,'2025-07-06 13:25:14',1),(117,NULL,'X','X',NULL,NULL,'2025-07-08 19:57:00',1),(118,NULL,'X1','X1',NULL,NULL,'2025-07-08 19:57:36',1),(119,NULL,'X2','X2',NULL,NULL,'2025-07-08 19:57:47',1),(121,NULL,'A','A',NULL,NULL,'2025-07-08 21:08:10',9),(122,NULL,'Z','Z',NULL,NULL,'2025-07-08 21:08:18',1),(123,NULL,'Badword','Badword',NULL,NULL,'2025-07-10 17:57:01',1),(124,NULL,'Badword1','Badword1',NULL,NULL,'2025-07-10 17:57:20',1),(132,NULL,'C','C',NULL,NULL,'2025-07-11 22:03:04',1),(133,NULL,'D','D',NULL,NULL,'2025-07-11 22:03:11',1),(135,NULL,'Ee','Ee',NULL,NULL,'2025-07-11 22:03:22',1),(136,NULL,'Eee','Eee',NULL,NULL,'2025-07-11 22:03:28',1),(137,NULL,'Zzz','Zzz',NULL,NULL,'2025-07-11 22:03:41',1),(141,NULL,'Aaaaaaaaaaaaaaaaaaaaaaaaaaaaaaaaaaaaaaaaaaaaaaa','Aaaaaaaaaaaaaaaaaaaaaaaaaaaaaaaaaaaaaaaa',NULL,NULL,'2025-07-17 17:18:57',1),(142,NULL,'Francesco Renga','Angelo',NULL,NULL,'2025-07-25 18:00:50',2),(143,NULL,'Zucchero','Puro Amore',NULL,NULL,'2025-07-25 18:06:24',1),(145,NULL,'Francesco Renga','Meravigliosa',NULL,NULL,'2025-07-25 18:17:22',1),(146,NULL,'Sdadas','Dasdas',NULL,NULL,'2025-07-25 18:19:15',1),(147,NULL,'Dasdsad','Dasdasd',NULL,NULL,'2025-07-25 18:21:05',1),(148,NULL,'Sdsadsa','Dasdasd',NULL,NULL,'2025-07-25 18:31:14',1),(149,NULL,'Fasdsad','Sdasdsa',NULL,NULL,'2025-07-25 18:33:35',1),(150,NULL,'Dasdsa','Dsads',NULL,NULL,'2025-07-25 18:35:32',1),(152,NULL,'Fdsfasf','Fdfdss',NULL,NULL,'2025-07-25 18:40:20',1),(153,NULL,'Dasda','Dasdas',NULL,NULL,'2025-07-25 18:43:13',2),(155,NULL,'Saasas','Saas',NULL,NULL,'2025-07-25 18:45:54',1),(156,NULL,'Assa','Saas',NULL,NULL,'2025-07-25 18:46:46',1),(157,NULL,'Dasfdsa','Dasdasd',NULL,NULL,'2025-07-25 18:47:25',1),(158,NULL,'As','As',NULL,NULL,'2025-07-25 18:47:54',1),(159,NULL,'As','Sa',NULL,NULL,'2025-07-25 18:48:03',1),(160,NULL,'Das','Das',NULL,NULL,'2025-07-25 18:48:27',2),(161,NULL,'Dasdas','Dasd',NULL,NULL,'2025-07-25 18:48:56',2),(162,NULL,'Sda','Dasd',NULL,NULL,'2025-07-25 18:49:15',1),(163,NULL,'Dsada','Dsad',NULL,NULL,'2025-07-25 18:49:35',1),(164,NULL,'Saas','Sa',NULL,NULL,'2025-07-25 18:50:29',1),(165,NULL,'Fds','Fds',NULL,NULL,'2025-07-25 18:50:43',1),(167,NULL,'Fsd','Fds',NULL,NULL,'2025-07-25 18:53:31',1),(169,NULL,'Dasd','Adds',NULL,NULL,'2025-07-27 17:07:51',1),(171,NULL,'Cranberries','Test',NULL,NULL,'2025-07-28 20:12:30',1),(172,NULL,'E','A',NULL,NULL,'2025-07-28 20:12:52',1);
/*!40000 ALTER TABLE `raccolta_canzoni` ENABLE KEYS */;
UNLOCK TABLES;

--
-- Table structure for table `user_storico_esibizioni`
--

DROP TABLE IF EXISTS `user_storico_esibizioni`;
/*!40101 SET @saved_cs_client     = @@character_set_client */;
 SET character_set_client = utf8mb4 ;
CREATE TABLE `user_storico_esibizioni` (
  `id` int(11) NOT NULL AUTO_INCREMENT,
  `user_id` int(11) NOT NULL,
  `canzone_id` int(11) NOT NULL,
  `esibizione_id` int(11) NOT NULL,
  `data_esibizione` datetime DEFAULT NULL,
  `tonalita` varchar(50) DEFAULT NULL,
  `nome` varchar(100) DEFAULT NULL,
  `artista` varchar(100) DEFAULT NULL,
  `canzone` varchar(100) DEFAULT NULL,
  `partecipante_2` varchar(100) DEFAULT NULL,
  `partecipante_3` varchar(100) DEFAULT NULL,
  PRIMARY KEY (`id`)
) ENGINE=InnoDB AUTO_INCREMENT=106 DEFAULT CHARSET=utf8mb4 COLLATE=utf8mb4_0900_ai_ci;
/*!40101 SET character_set_client = @saved_cs_client */;

--
-- Dumping data for table `user_storico_esibizioni`
--

LOCK TABLES `user_storico_esibizioni` WRITE;
/*!40000 ALTER TABLE `user_storico_esibizioni` DISABLE KEYS */;
INSERT INTO `user_storico_esibizioni` VALUES (4,1,0,101,NULL,'1','alessio','the doors','peacefrog',NULL,NULL),(5,1,0,102,NULL,'- 2 ','alessio','nirvana','polly',NULL,NULL),(6,1,0,103,'2025-06-30 17:00:34','1','alessio','tool','pneuma',NULL,NULL),(7,10,0,104,'2025-06-30 18:29:07',NULL,'jane','the doors','peacefrog',NULL,NULL),(8,10,0,105,'2025-06-30 18:29:16',NULL,'jane','tool','pneuma',NULL,NULL),(10,10,0,107,'2025-06-30 18:48:46',NULL,'test','test','test',NULL,NULL),(11,10,0,108,'2025-06-30 18:48:58',NULL,'test1','test1','test1',NULL,NULL),(12,10,0,109,'2025-06-30 18:49:14',NULL,'test2','test2','test2',NULL,NULL),(14,10,0,111,'2025-06-30 20:21:33',NULL,'testZ','testZ','testZ',NULL,NULL),(16,9,0,113,'2025-06-30 21:32:20',NULL,'alessio','the doors','peacefrog',NULL,NULL),(17,9,0,119,'2025-07-01 17:55:31',NULL,'alessio','tool','pneuma',NULL,NULL),(18,9,0,120,'2025-07-01 17:56:09',NULL,'alessio','Adele','crush now',NULL,NULL),(19,9,0,121,'2025-07-01 17:56:44',NULL,'alessio','alborosie','herbalist',NULL,NULL),(22,11,0,153,'2025-07-02 20:41:12',NULL,'alessio','Cranberries','zombie',NULL,NULL),(23,9,0,154,'2025-07-02 23:17:31',NULL,'Alessio','Rockets','On Road Again',NULL,NULL),(24,9,0,155,'2025-07-03 00:13:07',NULL,'Alessio','Pearl Jam','Alive',NULL,NULL),(25,9,0,156,'2025-07-03 01:27:22',NULL,'Alessio','Testdrag','Testdrag',NULL,NULL),(26,9,0,157,'2025-07-03 01:27:38',NULL,'Alessio','Testdrag1','Testdrag1',NULL,NULL),(27,9,0,158,'2025-07-03 01:27:52',NULL,'Alessio','Testdrag2','Testdrag2',NULL,NULL),(28,9,0,159,'2025-07-03 01:30:23',NULL,'Dragtest','Dragtest','Dragtest',NULL,NULL),(29,9,0,160,'2025-07-03 01:30:34',NULL,'Dragtest','Dragtest0','Dragtest0',NULL,NULL),(30,9,0,161,'2025-07-03 01:30:46',NULL,'Dragtest','Dragtest1','Dragtest1',NULL,NULL),(31,9,0,162,'2025-07-03 01:30:55',NULL,'Dragtest','Dragtest2','Dragtest2',NULL,NULL),(32,9,0,163,'2025-07-06 12:01:57','2','Alessio','Partecipa','Partecipa','test_partecipa',NULL),(33,9,0,164,'2025-07-06 13:39:11',NULL,'Alessio','Partecipa1','Partecipa1','test_partecipa1','test_partecipa_2'),(34,11,87,87,'2025-07-06 15:01:07',NULL,NULL,NULL,NULL,'test',NULL),(35,11,169,169,'2025-07-06 15:15:37',NULL,'Alessio','Testpartecipa','Testpartecipa',NULL,NULL),(36,11,170,170,'2025-07-06 15:25:14',NULL,'Alessio','Testpartecipa','Testpartecipa4',NULL,NULL),(37,9,171,171,'2025-07-08 21:57:00',NULL,'X','X','X',NULL,NULL),(38,9,172,172,'2025-07-08 21:57:36',NULL,'X1','X1','X1',NULL,NULL),(39,9,173,173,'2025-07-08 21:57:47',NULL,'X2','X2','X2',NULL,NULL),(40,9,170,36,'2025-07-08 23:06:38',NULL,'Alessio','Testpartecipa','Testpartecipa4','test',NULL),(41,9,170,36,'2025-07-08 23:06:44',NULL,'Alessio','Testpartecipa','Testpartecipa4','test','test2'),(42,9,174,174,'2025-07-08 23:08:00',NULL,'Q','Q','Q',NULL,NULL),(43,9,175,175,'2025-07-08 23:08:10',NULL,'A','A','A',NULL,NULL),(44,9,176,176,'2025-07-08 23:08:18',NULL,'Z','Z','Z',NULL,NULL),(45,7,174,42,'2025-07-08 23:10:50',NULL,'Q','Q','Q','admin',NULL),(46,7,174,42,'2025-07-08 23:10:55',NULL,'Q','Q','Q','admin','admin'),(47,7,176,44,'2025-07-08 23:18:58',NULL,'Z','Z','Z','q',NULL),(48,7,176,44,'2025-07-08 23:19:03',NULL,'Z','Z','Z','q','d'),(49,9,169,35,'2025-07-10 19:55:28',NULL,'Alessio','Testpartecipa','Testpartecipa','*****',NULL),(50,9,177,177,'2025-07-10 19:57:01',NULL,'Badword','Badword','Badword',NULL,NULL),(51,9,178,178,'2025-07-10 19:57:20',NULL,'Badword1','Badword1','Badword1',NULL,NULL),(53,10,177,50,'2025-07-10 19:59:13',NULL,'Badword','Badword','Badword','badword','*****'),(54,9,179,179,'2025-07-10 20:09:08',NULL,'*******','Pearl Jam','Alive',NULL,NULL),(55,9,180,180,'2025-07-12 00:02:11',NULL,'a','A','A',NULL,NULL),(56,9,181,181,'2025-07-12 00:02:17',NULL,'a','A','A',NULL,NULL),(57,9,182,182,'2025-07-12 00:02:23',NULL,'a','A','A',NULL,NULL),(58,9,183,183,'2025-07-12 00:02:28',NULL,'a','A','A',NULL,NULL),(59,9,184,184,'2025-07-12 00:02:35',NULL,'a','A','A',NULL,NULL),(60,9,185,185,'2025-07-12 00:02:58',NULL,'b','B','B',NULL,NULL),(61,9,186,186,'2025-07-12 00:03:04',NULL,'c','C','C',NULL,NULL),(62,9,187,187,'2025-07-12 00:03:11',NULL,'d','D','D',NULL,NULL),(63,9,188,188,'2025-07-12 00:03:17',NULL,'e','E','E',NULL,NULL),(64,9,189,189,'2025-07-12 00:03:22',NULL,'ee','Ee','Ee',NULL,NULL),(65,9,190,190,'2025-07-12 00:03:28',NULL,'ee','Eee','Eee',NULL,NULL),(66,9,191,191,'2025-07-12 00:03:41',NULL,'zzz','Zzz','Zzz',NULL,NULL),(67,9,192,192,'2025-07-12 00:07:23',NULL,'a','A','A',NULL,NULL),(68,9,193,193,'2025-07-12 00:17:50',NULL,'a','A','A',NULL,NULL),(69,9,194,194,'2025-07-17 01:01:17',NULL,'test','Test','Test',NULL,NULL),(71,9,196,196,'2025-07-25 20:00:50','-1','lauro','Francesco Renga','Angelo',NULL,NULL),(72,9,197,197,'2025-07-25 20:06:24','1','stephan','Zucchero','Puro Amore',NULL,NULL),(73,9,198,198,'2025-07-25 20:11:37',NULL,'stephan','Francesco Renga','Angelo',NULL,NULL),(74,9,199,199,'2025-07-25 20:17:22',NULL,'stephan','Francesco Renga','Meravigliosa',NULL,NULL),(75,9,200,200,'2025-07-25 20:19:15',NULL,'sdsaasd','Sdadas','Dasdas',NULL,NULL),(76,9,201,201,'2025-07-25 20:21:05',NULL,'dsdasd','Dasdsad','Dasdasd',NULL,NULL),(77,9,202,202,'2025-07-25 20:31:14',NULL,'dcdcsc','Sdsadsa','Dasdasd',NULL,NULL),(78,9,203,203,'2025-07-25 20:33:35',NULL,'fdsfsdfasf','Fasdsad','Sdasdsa',NULL,NULL),(79,9,204,204,'2025-07-25 20:35:32',NULL,'sdadsad','Dasdsa','Dsads',NULL,NULL),(80,9,205,205,'2025-07-25 20:38:45',NULL,'dsdas','Dsadas','Dasdsa',NULL,NULL),(81,9,206,206,'2025-07-25 20:40:20',NULL,'fgsfsdf','Fdsfasf','Fdfdss',NULL,NULL),(82,9,207,207,'2025-07-25 20:43:13',NULL,'sadsadas','Dasda','Dasdas',NULL,NULL),(83,9,208,208,'2025-07-25 20:45:29',NULL,'dasda','Dasda','Dasdas',NULL,NULL),(84,9,209,209,'2025-07-25 20:45:54',NULL,'sasa','Saasas','Saas',NULL,NULL),(85,9,210,210,'2025-07-25 20:46:46',NULL,'assaas','Assa','Saas',NULL,NULL),(86,9,211,211,'2025-07-25 20:47:25',NULL,'dsfdsfdsa','Dasfdsa','Dasdasd',NULL,NULL),(87,9,212,212,'2025-07-25 20:47:54',NULL,'as','As','As',NULL,NULL),(88,9,213,213,'2025-07-25 20:48:03',NULL,'as','As','Sa',NULL,NULL),(89,9,214,214,'2025-07-25 20:48:27',NULL,'ads','Das','Das',NULL,NULL),(90,9,215,215,'2025-07-25 20:48:56',NULL,'dasd','Dasdas','Dasd',NULL,NULL),(91,9,216,216,'2025-07-25 20:49:15',NULL,'dasda','Sda','Dasd',NULL,NULL),(92,9,217,217,'2025-07-25 20:49:35',NULL,'sdad','Dsada','Dsad',NULL,NULL),(93,9,218,218,'2025-07-25 20:50:29',NULL,'as','Saas','Sa',NULL,NULL),(94,9,219,219,'2025-07-25 20:50:43',NULL,'dfs','Fds','Fds',NULL,NULL),(95,9,220,220,'2025-07-25 20:52:34',NULL,'das','Das','Das',NULL,NULL),(96,9,221,221,'2025-07-25 20:53:31',NULL,'hdf','Fsd','Fds',NULL,NULL),(97,9,222,222,'2025-07-25 20:58:25',NULL,'sdasd','Dasdas','Dasd',NULL,NULL),(98,17,178,51,'2025-07-25 21:01:27',NULL,'Badword1','Badword1','Badword1','asfas',NULL),(99,17,178,51,'2025-07-25 21:06:54',NULL,'Badword1','Badword1','Badword1','asfas','alessio'),(100,7,223,223,'2025-07-27 19:07:51',NULL,'dasd','Dasd','Adds',NULL,NULL),(101,7,196,71,'2025-07-27 19:08:34','-1','lauro','Francesco Renga','Angelo','alex',NULL),(102,10,224,224,'2025-07-28 22:07:07',NULL,'alessio','Pearl Jam','Alive',NULL,NULL),(103,22,225,225,'2025-07-28 22:12:30',NULL,'paul','Cranberries','Test',NULL,NULL),(104,22,226,226,'2025-07-28 22:12:52',NULL,'paul','E','A',NULL,NULL),(105,10,227,227,'2025-07-28 22:40:00',NULL,'a','A','A',NULL,NULL);
/*!40000 ALTER TABLE `user_storico_esibizioni` ENABLE KEYS */;
UNLOCK TABLES;

--
-- Table structure for table `users`
--

DROP TABLE IF EXISTS `users`;
/*!40101 SET @saved_cs_client     = @@character_set_client */;
 SET character_set_client = utf8mb4 ;
CREATE TABLE `users` (
  `id` int(11) NOT NULL AUTO_INCREMENT,
  `username` varchar(50) NOT NULL,
  `password_hash` varchar(255) NOT NULL,
  `domanda_recupero` varchar(100) NOT NULL,
  `risposta_recupero_hash` varchar(255) NOT NULL,
  `ruolo` enum('admin','client','ospite') NOT NULL DEFAULT 'client',
  `created_at` timestamp NULL DEFAULT CURRENT_TIMESTAMP,
  `online_status` tinyint(1) NOT NULL DEFAULT '0',
  PRIMARY KEY (`id`),
  UNIQUE KEY `username` (`username`)
) ENGINE=InnoDB AUTO_INCREMENT=26 DEFAULT CHARSET=utf8mb4 COLLATE=utf8mb4_0900_ai_ci;
/*!40101 SET character_set_client = @saved_cs_client */;

--
-- Dumping data for table `users`
--

LOCK TABLES `users` WRITE;
/*!40000 ALTER TABLE `users` DISABLE KEYS */;
INSERT INTO `users` VALUES (1,'alessio90','$2b$10$cP//cGuPZlPWzCpH7O5fzO17R6er/G.1yoKbpk5ObRYGnZwm5H9VK','nome_primo_amicizia','$2b$10$sfzXyJUybk9tVPtRxv8HV.sj.jn8WNvTWTbo8m6EoYR9TsVY.EZYu','client','2025-06-19 20:29:41',0),(7,'admin4','$2b$10$97vAAZUkPjnNJMemeX47sO4pxJ/g1zCqEWWulIcnTR6zyeMasn0Oi','nome_primo_amicizia','$2b$10$tsGmlIu49Xh3ZfWYJb3EC.JxwnNb8pCqx4c19Dc.8JkuY/NdS1TZK','admin','2025-06-23 23:48:45',0),(9,'alessio','$2b$10$uPHQK7FzAhSr8NnlV1xAwe2BGtl9neMeQy95QfbCEjJlxNHlh8O52','nome_primo_amicizia','$2b$10$j./sHpS2LaSchS1dnZg3pOmQ/hi7YL2L3ITflBbeI/NOrdw/6vD.y','client','2025-06-29 19:17:25',1),(10,'alessio3','$2b$10$OUU40foubuI3vR8Lf2JBTuCKKxfDNNKWoiFcpASAeWc2c9zzF16mW','nome_primo_amicizia','$2b$10$1LfYbY9xPLGwMe6qu4G6nuaspDBpWJU1M/UGEWVj8CEgOs8U/UnGO','client','2025-06-30 16:28:22',1),(11,'alessio5','$2b$10$VqkUBxqt8Av3IsMLoUN2IemcQa2ohwTy/jhmziuBRb18xYrjQzgji','nome_primo_amicizia','$2b$10$D9OkGX4hBJgygSaePD38COdar05GTnT1oOI79.dkWLmZigTWYYPMK','client','2025-07-02 18:38:44',0),(12,'nuovo','$2b$10$WVQSwFORog111rB7Fz57t.PFb7MAngpy.mvp72/Ac3wgNNp07vJxy','nome_primo_amicizia','$2b$10$vo31qED7E3IomAYLyBrhdOKBe2tzDYGQKCNMHYJOBqQr8E1oxFmd.','client','2025-07-10 19:17:25',0),(13,'test','$2b$10$fbIJFuV4IttL2mJytDOJPOG.dJbdYw2FNw6Eo6PgBcisX9FDVkPi2','codicepin','$2b$10$MNqiYYQgbYOmODahf3SDZuxPTMzwbOw/tSACPJvSRlUnPSD43wWhW','client','2025-07-10 20:01:20',0),(14,'test1','$2b$10$x/y5GSLjvTN/0nM3fanKpuY/eRvJ2zDzDBtLiz/woM23oCqwaiesq','nome_primo_amicizia','$2b$10$b.tENg4pt64MaDdnEH0U0ODGx2K0D0ldqRbgMrg4Vi5j6.NXaoWRO','client','2025-07-10 20:01:43',0),(15,'test2','$2b$10$F0z9jJtAEaVU/mOlOCBzUOqV4A2pt5w5efwqofbDeb/Y55GzXNruu','nome_animale_domestico','$2b$10$DaSS5xK0zX9BmUexDN7mqOnGJarts5.mTdC3pcyWu1eGqVIFdzvDa','client','2025-07-10 20:18:31',0),(16,'alessio777','$2b$10$yXY9vvubj70sS/Zcn954QewsIc/FaTVQJzZK/T1zzXL2Jg4o2SwIy','animale_preferito','$2b$10$izd/No/Biixxd95cavAEhOS2ELfcGTkCHNFsE.rPU33jWAxfQAU5m','client','2025-07-22 17:57:17',0),(17,'alessio6','$2b$10$S2vl3ALTIpBYt/nVYJ2JX.ugIrhG0EdpwkYfiG0V16RkdczFQOawC','città_preferita','$2b$10$dP8DD2UH4zzGZtJH2KyO0.3ejdJVoPjxNpHVaaZ9QMNc5id/4XaE2','client','2025-07-22 18:05:16',0),(18,'test11','$2b$10$.5gf7B6e4p9cTI9Mu222LOB6xugaEr1diDKzRLRMIPruEMWnpFqa6','nome_animale_domestico','$2b$10$A8wBrRB2crwdx5zhf4t.6OnjMnIgZLAX26/YV1oGI.qRbjuyoKfdi','client','2025-07-22 18:18:12',0),(19,'test22','$2b$10$7E0Nm2jnIDfKnnikplg/uennklgcIoqq1IcWYMXvwwP72kFcJZEqu','nome_madre','$2b$10$MGUrwQiomwIMKbtT9c4Sm.s6BUDUR4vu9BnO//uWY6xOMIqAyPRGy','client','2025-07-22 18:18:59',0),(20,'test33','$2b$10$FnW5f2L4CQlZuWKyJJozWuXR6V4yb8SJE6.yOO2LgBxBGcLpxJ7kW','codicepin','$2b$10$HPDQMlfn3Z.rE05Ka.CgJeCa22V.4UjaspfYLZ1lXJMr17YLDmx.m','client','2025-07-22 18:19:37',1),(21,'alessioo','$2b$10$nW9ENL1aClc5kMXwekNUDOIHwuch4dX.zEluXi1UXk9sYhw4RJEb6','nome_animale_domestico','$2b$10$lyZWp4LoC9i/kspZscmCge1SIMeABiiKz3K09ANyusxw8J4Qs3FIS','client','2025-07-24 18:18:40',0),(22,'alessio00','$2b$10$mW3LIObSRVysO7FLjrprp.kyu7II8NXWyFN/t4Apyw9GjH31fg2YW','nome_animale_domestico','$2b$10$JXV66UAVAQ7gi3LKaruoZ.XZC0TO4ABjFSs/ocOF3FxpkQsD9EAeW','client','2025-07-25 19:17:00',0),(23,'alessio000','$2b$10$Gt311gReAMRm1uLsfV36xOzQDJcbZdUli4MDJWw7uPp8zTPiwGfz6','città_preferita','$2b$10$mPBFwmd.9NQ1iyzb4XtOc.R/sV2BtrWETfoMy7vzOrHpokyxu2ohS','client','2025-07-25 19:24:19',0),(24,'alessio0000','$2b$10$EAw9HjQUlM2FCWQVflLB3upRqOOkzyXaoaS6XVcM50oziygn37/Sq','città_preferita','$2b$10$/k5AETedH4ifPspjphV6JO/UKOKi66bGcsGjZjGTWc2eaIi3862t2','client','2025-07-25 19:28:55',0),(25,'alessio00000','$2b$10$9OLicjtXKuwggMNGnAbd0OS1nYOgtYTIozVBehrrgvi8oRQP9tbAm','nome_animale_domestico','$2b$10$Aafy2lcAJXM75d.4MdeuK.gD0GPcEEKUn4nBSJ7TfRht2FazaZXSK','client','2025-07-25 19:34:00',0);
/*!40000 ALTER TABLE `users` ENABLE KEYS */;
UNLOCK TABLES;

--
-- Table structure for table `voti_emoji`
--

DROP TABLE IF EXISTS `voti_emoji`;
/*!40101 SET @saved_cs_client     = @@character_set_client */;
 SET character_set_client = utf8mb4 ;
CREATE TABLE `voti_emoji` (
  `id` int(11) NOT NULL AUTO_INCREMENT,
  `esibizione_id` int(11) NOT NULL,
  `voter_id` int(11) NOT NULL,
  `emoji` varchar(10) NOT NULL,
  `data_esibizione` timestamp NULL DEFAULT CURRENT_TIMESTAMP ON UPDATE CURRENT_TIMESTAMP,
  PRIMARY KEY (`id`),
  UNIQUE KEY `unique_vote` (`esibizione_id`,`voter_id`)
) ENGINE=InnoDB AUTO_INCREMENT=113 DEFAULT CHARSET=utf8mb4 COLLATE=utf8mb4_0900_ai_ci;
/*!40101 SET character_set_client = @saved_cs_client */;

--
-- Dumping data for table `voti_emoji`
--

LOCK TABLES `voti_emoji` WRITE;
/*!40000 ALTER TABLE `voti_emoji` DISABLE KEYS */;
INSERT INTO `voti_emoji` VALUES (1,61,9,'❤','2025-07-01 14:20:29'),(2,59,9,'😂','2025-07-25 18:59:11'),(3,90,9,'😎','2025-06-30 16:21:07'),(4,103,1,'😎','2025-06-30 16:22:03'),(5,102,1,'😎','2025-06-30 16:22:08'),(6,95,1,'😎','2025-06-30 16:22:10'),(7,89,1,'😎','2025-06-30 16:22:12'),(8,87,1,'😎','2025-06-30 16:22:13'),(9,86,1,'😎','2025-06-30 16:22:15'),(10,84,1,'😎','2025-06-30 16:25:06'),(11,92,1,'😎','2025-06-30 16:25:10'),(12,93,1,'😎','2025-06-30 16:25:11'),(13,94,1,'😎','2025-06-30 16:26:54'),(14,97,1,'😎','2025-06-30 16:27:00'),(15,103,10,'👍','2025-06-30 16:29:50'),(16,102,10,'😎','2025-06-30 17:47:25'),(17,100,10,'🔥','2025-06-30 17:47:27'),(18,99,10,'🔥','2025-06-30 17:47:27'),(19,97,10,'👍','2025-06-30 17:47:28'),(20,96,10,'❤','2025-06-30 17:47:29'),(21,105,10,'👍','2025-06-30 17:42:24'),(22,106,10,'🤩','2025-06-30 17:44:29'),(23,104,10,'😂','2025-06-30 17:42:24'),(24,109,9,'😂','2025-06-30 16:50:16'),(25,108,9,'😂','2025-06-30 16:50:20'),(26,62,10,'😎','2025-06-30 17:42:05'),(27,60,10,'😎','2025-06-30 17:42:07'),(28,77,10,'👍','2025-06-30 17:42:11'),(29,80,10,'👍','2025-06-30 17:42:13'),(30,84,10,'😎','2025-06-30 17:42:14'),(31,107,10,'👍','2025-06-30 17:47:21'),(32,108,10,'😎','2025-06-30 17:47:21'),(33,109,10,'😎','2025-06-30 17:47:23'),(34,110,10,'🔥','2025-06-30 17:47:34'),(35,101,10,'👍','2025-06-30 17:47:26'),(36,111,10,'😎','2025-06-30 19:07:22'),(37,111,9,'❤','2025-06-30 19:10:19'),(38,60,9,'😂','2025-07-25 16:58:42'),(39,62,9,'❤','2025-07-25 16:59:15'),(40,65,9,'❤','2025-07-01 14:20:13'),(41,68,9,'❤','2025-07-01 14:19:43'),(42,69,9,'😂','2025-07-25 16:56:34'),(43,70,9,'❤','2025-07-01 14:19:45'),(44,71,9,'❤','2025-07-01 14:19:47'),(45,113,9,'🔥','2025-07-01 14:30:43'),(46,4,1,'🔥','2025-07-01 14:43:57'),(47,4,3,'🔥','2025-07-01 14:44:25'),(48,119,9,'👍','2025-07-01 15:56:59'),(49,120,9,'👍','2025-07-01 15:57:00'),(50,121,9,'👍','2025-07-01 15:57:00'),(51,121,1,'🔥','2025-07-01 15:57:33'),(52,120,1,'🔥','2025-07-01 15:57:33'),(53,119,1,'🔥','2025-07-01 15:57:34'),(54,76,9,'❤','2025-07-14 09:43:29'),(55,160,7,'😂','2025-07-27 17:10:42'),(56,59,7,'😂','2025-07-28 17:38:43'),(57,217,10,'😂','2025-07-28 20:02:59'),(58,216,10,'😂','2025-07-28 20:02:59'),(59,215,10,'😂','2025-07-28 20:03:01'),(60,214,10,'😂','2025-07-28 20:03:01'),(61,213,10,'😂','2025-07-28 20:03:02'),(62,212,10,'😂','2025-07-28 20:03:04'),(63,211,10,'😂','2025-07-28 20:03:05'),(64,210,10,'😂','2025-07-28 20:03:06'),(65,209,10,'😂','2025-07-28 20:03:07'),(66,208,10,'😂','2025-07-28 20:03:08'),(67,207,10,'😂','2025-07-28 20:03:08'),(68,206,10,'😂','2025-07-28 20:03:11'),(69,205,10,'😂','2025-07-28 20:03:12'),(70,204,10,'😂','2025-07-28 20:03:12'),(71,203,10,'😂','2025-07-28 20:03:13'),(72,199,10,'😂','2025-07-28 20:03:19'),(73,198,10,'😂','2025-07-28 20:03:19'),(74,197,10,'😂','2025-07-28 20:03:20'),(75,196,10,'😂','2025-07-28 20:03:21'),(76,195,10,'😂','2025-07-28 20:03:21'),(77,194,10,'😂','2025-07-28 20:03:22'),(78,193,10,'😂','2025-07-28 20:03:23'),(79,192,10,'😂','2025-07-28 20:03:25'),(80,191,10,'😂','2025-07-28 20:03:26'),(81,190,10,'😂','2025-07-28 20:03:27'),(82,189,10,'😂','2025-07-28 20:03:28'),(83,188,10,'😂','2025-07-28 20:03:30'),(84,187,10,'😂','2025-07-28 20:03:31'),(85,186,10,'😂','2025-07-28 20:03:33'),(86,185,10,'😂','2025-07-28 20:03:34'),(87,183,10,'❤','2025-07-28 20:03:51'),(88,182,10,'❤','2025-07-28 20:03:52'),(89,181,10,'❤','2025-07-28 20:03:52'),(90,180,10,'❤','2025-07-28 20:03:53'),(91,179,10,'❤','2025-07-28 20:03:54'),(92,178,10,'❤','2025-07-28 20:03:55'),(93,177,10,'❤','2025-07-28 20:03:57'),(94,176,10,'❤','2025-07-28 20:03:58'),(95,175,10,'😐','2025-07-28 20:03:59'),(96,174,10,'❤','2025-07-28 20:04:00'),(97,173,10,'❤','2025-07-28 20:04:01'),(98,172,10,'😐','2025-07-28 20:04:03'),(99,171,10,'😐','2025-07-28 20:04:04'),(100,170,10,'😐','2025-07-28 20:04:05'),(101,169,10,'😐','2025-07-28 20:04:06'),(102,168,10,'😐','2025-07-28 20:04:08'),(103,167,10,'😐','2025-07-28 20:04:09'),(104,166,10,'😐','2025-07-28 20:04:10'),(105,165,10,'😐','2025-07-28 20:04:10'),(106,164,10,'😐','2025-07-28 20:04:11'),(107,163,10,'❤','2025-07-28 20:04:13'),(108,162,10,'❤','2025-07-28 20:04:13'),(109,161,10,'❤','2025-07-28 20:04:14'),(110,160,10,'❤','2025-07-28 20:04:15'),(111,224,22,'❤','2025-07-28 20:12:58'),(112,227,11,'😐','2025-07-28 20:40:37');
/*!40000 ALTER TABLE `voti_emoji` ENABLE KEYS */;
UNLOCK TABLES;

--
-- Table structure for table `wishlist`
--

DROP TABLE IF EXISTS `wishlist`;
/*!40101 SET @saved_cs_client     = @@character_set_client */;
 SET character_set_client = utf8mb4 ;
CREATE TABLE `wishlist` (
  `id` int(11) NOT NULL AUTO_INCREMENT,
  `user_id` int(11) NOT NULL,
  `artista` varchar(255) DEFAULT NULL,
  `canzone` varchar(255) DEFAULT NULL,
  `tonalita` varchar(50) DEFAULT NULL,
  `created_at` timestamp NULL DEFAULT CURRENT_TIMESTAMP,
  PRIMARY KEY (`id`)
) ENGINE=InnoDB AUTO_INCREMENT=84 DEFAULT CHARSET=utf8mb4 COLLATE=utf8mb4_0900_ai_ci;
/*!40101 SET character_set_client = @saved_cs_client */;

--
-- Dumping data for table `wishlist`
--

LOCK TABLES `wishlist` WRITE;
/*!40000 ALTER TABLE `wishlist` DISABLE KEYS */;
INSERT INTO `wishlist` VALUES (5,1,'test','test',NULL,'2025-06-30 15:34:52'),(6,9,'aletest','aletest','2','2025-06-30 15:39:02'),(8,10,'test','test','1','2025-07-01 16:38:30'),(9,11,'gdfgsdg','fgdfvbdfgb','gdfgds','2025-07-02 18:40:21'),(10,9,'Adele','crush now',NULL,'2025-07-06 00:59:24'),(11,9,'alice in chains','nutshell',NULL,'2025-07-06 00:59:51'),(16,9,'Adele','crush now',NULL,'2025-07-06 09:57:12'),(17,9,'tool','pneuma',NULL,'2025-07-11 16:06:58'),(18,9,'nirvana','polly',NULL,'2025-07-11 16:07:03'),(19,9,'travis scott','antidote',NULL,'2025-07-11 16:07:08'),(20,9,'e','e',NULL,'2025-07-11 16:14:04'),(21,9,'tool','pneuma',NULL,'2025-07-13 20:54:12'),(22,9,'tool','pneuma',NULL,'2025-07-13 20:54:21'),(23,9,'nirvana','polly',NULL,'2025-07-13 20:59:09'),(24,9,'tool','pneuma',NULL,'2025-07-13 21:03:12'),(25,9,'tool','pneuma',NULL,'2025-07-14 09:05:40'),(26,9,'tool','pneuma',NULL,'2025-07-14 09:08:34'),(28,7,'A','A',NULL,'2025-07-16 22:57:35'),(38,7,'A','A',NULL,'2025-07-23 22:07:56'),(39,7,'A','A',NULL,'2025-07-23 22:21:33'),(40,9,'tool','pneuma',NULL,'2025-07-25 16:49:23'),(41,9,'tool','pneuma',NULL,'2025-07-25 16:49:31'),(42,9,'tool','pneuma',NULL,'2025-07-25 16:49:42'),(43,9,'tool','pneuma',NULL,'2025-07-25 16:49:43'),(44,9,'tool','pneuma',NULL,'2025-07-25 16:49:48'),(45,9,'tool','pneuma',NULL,'2025-07-25 16:49:50'),(46,9,'tool','pneuma',NULL,'2025-07-25 16:56:37'),(47,9,'the doors','peacefrog',NULL,'2025-07-25 16:58:45'),(48,9,'the doors','peacefrog',NULL,'2025-07-25 16:58:47'),(49,9,'nirvana','polly',NULL,'2025-07-25 16:58:58'),(50,9,'alex baroni','onde',NULL,'2025-07-25 16:59:04'),(51,9,'alex baroni','onde',NULL,'2025-07-25 16:59:19'),(52,9,'tool','pneuma',NULL,'2025-07-25 17:30:15'),(53,9,'francesco renga','angelo',NULL,'2025-07-25 17:59:10'),(54,9,'tool','pneuma',NULL,'2025-07-25 18:59:01'),(55,9,'tool','pneuma',NULL,'2025-07-25 18:59:07'),(56,17,'A','A',NULL,'2025-07-25 19:07:37'),(57,7,'A','A',NULL,'2025-07-26 16:36:19'),(58,7,'Dragtest0','Dragtest00',NULL,'2025-07-27 17:10:17'),(59,7,'Dragtest0','Dragtest00',NULL,'2025-07-27 17:10:19'),(60,7,'Dragtest0','Dragtest00',NULL,'2025-07-27 17:10:33'),(61,7,'Dragtest0','Dragtest00',NULL,'2025-07-27 17:10:34'),(62,7,'Dragtest0','Dragtest00',NULL,'2025-07-27 17:10:35'),(63,7,'Dragtest0','Dragtest00',NULL,'2025-07-27 17:10:36'),(64,7,'Dragtest0','Dragtest00',NULL,'2025-07-27 17:10:44'),(65,7,'Dragtest0','Dragtest00',NULL,'2025-07-27 17:10:46'),(66,7,'nirvana','polly',NULL,'2025-07-28 17:23:07'),(67,7,'nirvana','polly',NULL,'2025-07-28 17:23:09'),(68,7,'nirvana','polly',NULL,'2025-07-28 17:23:12'),(69,7,'A','A',NULL,'2025-07-28 17:39:26'),(70,7,'tool','pneuma',NULL,'2025-07-28 17:39:44'),(71,7,'tool','pneuma',NULL,'2025-07-28 17:40:32'),(72,7,'tool','pneuma',NULL,'2025-07-28 17:45:18'),(73,7,'tool','pneuma',NULL,'2025-07-28 17:45:20'),(74,7,'A','A',NULL,'2025-07-28 17:56:19'),(75,7,'A','A',NULL,'2025-07-28 17:56:21'),(76,7,'A','A',NULL,'2025-07-28 18:07:02'),(77,7,'Eric Clapton','Layla',NULL,'2025-07-28 18:09:20'),(78,7,'Ee','Ee',NULL,'2025-07-28 18:09:22'),(79,7,'Fds','Fds',NULL,'2025-07-28 18:09:26'),(80,7,'A','A',NULL,'2025-07-28 18:12:46'),(83,10,'test','magnolia','1','2025-07-28 21:30:21');
/*!40000 ALTER TABLE `wishlist` ENABLE KEYS */;
UNLOCK TABLES;
/*!40103 SET TIME_ZONE=@OLD_TIME_ZONE */;

/*!40101 SET SQL_MODE=@OLD_SQL_MODE */;
/*!40014 SET FOREIGN_KEY_CHECKS=@OLD_FOREIGN_KEY_CHECKS */;
/*!40014 SET UNIQUE_CHECKS=@OLD_UNIQUE_CHECKS */;
/*!40101 SET CHARACTER_SET_CLIENT=@OLD_CHARACTER_SET_CLIENT */;
/*!40101 SET CHARACTER_SET_RESULTS=@OLD_CHARACTER_SET_RESULTS */;
/*!40101 SET COLLATION_CONNECTION=@OLD_COLLATION_CONNECTION */;
/*!40111 SET SQL_NOTES=@OLD_SQL_NOTES */;

-- Dump completed on 2025-08-13 23:06:52
